{"stats":{"minecraft:mined":{"minecraft:grass_block":1,"minecraft:oak_log":16,"minecraft:dirt":1,"minecraft:oak_leaves":87},"minecraft:crafted":{"minecraft:air":61},"minecraft:picked_up":{"minecraft:wheat_seeds":1,"minecraft:oak_log":14,"minecraft:oak_sapling":3,"minecraft:dirt":2},"minecraft:killed_by":{"minecraft:creeper":1,"minecraft:zombie":1},"minecraft:custom":{"minecraft:time_since_rest":417,"minecraft:deaths":2,"minecraft:play_time":7218,"minecraft:sprint_one_cm":6279,"minecraft:damage_taken":1110,"minecraft:walk_one_cm":15499,"minecraft:sneak_time":15,"minecraft:jump":83,"minecraft:damage_dealt":8,"minecraft:leave_game":4,"minecraft:time_since_death":0,"minecraft:total_world_time":7218,"minecraft:fall_one_cm":854,"minecraft:fly_one_cm":3162}},"DataVersion":2975}