{"stats":{"minecraft:killed":{"mca:female_zombie_villager":1},"minecraft:mined":{"minecraft:yellow_terracotta":5,"minecraft:hay_block":26,"minecraft:red_terracotta":2,"minecraft:wheat":2,"minecraft:acacia_wood":14,"minecraft:brown_wall_banner":3,"minecraft:acacia_stairs":47,"minecraft:acacia_log":25,"minecraft:chest":1,"minecraft:cobweb":19,"minecraft:acacia_planks":35,"minecraft:acacia_slab":23,"minecraft:cartography_table":1},"minecraft:used":{"minecraft:bread":1,"minecraft:hay_block":2,"minecraft:crafting_table":1},"minecraft:dropped":{"minecraft:wheat_seeds":1,"minecraft:melon_seeds":2},"minecraft:crafted":{"minecraft:air":270},"minecraft:picked_up":{"minecraft:acacia_log":8,"minecraft:acacia_wood":13,"minecraft:acacia_stairs":13,"minecraft:string":8,"minecraft:acacia_planks":5,"minecraft:wheat_seeds":4,"minecraft:cartography_table":1,"minecraft:hay_block":27,"minecraft:yellow_terracotta":5,"minecraft:acacia_slab":16,"minecraft:melon_seeds":2},"minecraft:custom":{"minecraft:time_since_rest":2867,"minecraft:walk_one_cm":22293,"minecraft:sprint_one_cm":12750,"minecraft:damage_taken":430,"minecraft:mob_kills":1,"minecraft:drop":3,"minecraft:damage_dealt":144,"minecraft:interact_with_cartography_table":1,"minecraft:interact_with_crafting_table":2,"minecraft:fly_one_cm":17395,"minecraft:open_chest":2,"minecraft:play_time":5880,"minecraft:deaths":1,"minecraft:sneak_time":7,"minecraft:jump":92,"minecraft:time_since_death":2835,"minecraft:total_world_time":5880,"minecraft:fall_one_cm":2988},"minecraft:killed_by":{"minecraft:spider":1}},"DataVersion":2975}