{"stats":{"minecraft:killed":{"mca:female_zombie_villager":1,"minecraft:spider":6,"minecraft:creeper":1,"minecraft:skeleton":4,"minecraft:zombie":5},"minecraft:mined":{"minecraft:yellow_terracotta":7,"minecraft:acacia_leaves":8,"minecraft:crafting_table":1,"biomesoplenty:bush":4,"minecraft:acacia_log":30,"minecraft:grass_block":9,"minecraft:chest":1,"minecraft:spruce_leaves":74,"minecraft:acacia_slab":26,"minecraft:cartography_table":1,"minecraft:hay_block":30,"minecraft:red_terracotta":2,"minecraft:wheat":2,"minecraft:acacia_wood":14,"minecraft:brown_wall_banner":4,"minecraft:spruce_log":12,"minecraft:acacia_stairs":69,"minecraft:grass":2,"minecraft:coal_ore":7,"minecraft:dirt_path":1,"minecraft:dirt":19,"minecraft:cobweb":31,"minecraft:acacia_planks":48,"minecraft:stone":14,"minecraft:oak_leaves":52,"minecraft:fern":6},"minecraft:dropped":{"minecraft:wheat_seeds":2,"minecraft:melon_seeds":9,"biomesoplenty:wildflower":1},"minecraft:used":{"minecraft:stone_sword":88,"minecraft:stone_pickaxe":7,"minecraft:wooden_pickaxe":11,"minecraft:dirt":1,"minecraft:crafting_table":2,"minecraft:acacia_sapling":1,"minecraft:melon_slice":1,"minecraft:bread":7,"minecraft:stone_axe":3,"minecraft:hay_block":2,"minecraft:furnace":1},"minecraft:crafted":{"minecraft:air":328,"minecraft:leather":2},"minecraft:custom":{"minecraft:interact_with_furnace":3,"minecraft:mob_kills":20,"minecraft:interact_with_crafting_table":5,"minecraft:interact_with_cartography_table":1,"minecraft:time_since_death":858,"minecraft:time_since_rest":885,"minecraft:sprint_one_cm":81515,"minecraft:damage_taken":3109,"minecraft:walk_one_cm":107222,"minecraft:drop":6,"minecraft:damage_dealt":3240,"minecraft:swim_one_cm":71,"minecraft:fly_one_cm":62373,"minecraft:open_chest":2,"minecraft:crouch_one_cm":565,"minecraft:play_time":29880,"minecraft:deaths":6,"minecraft:sneak_time":229,"minecraft:walk_under_water_one_cm":699,"minecraft:jump":503,"minecraft:walk_on_water_one_cm":14966,"minecraft:total_world_time":29880,"minecraft:fall_one_cm":11902},"minecraft:picked_up":{"minecraft:crafting_table":1,"minecraft:chicken":1,"minecraft:acacia_wood":13,"minecraft:string":17,"minecraft:dirt":143,"minecraft:leather_boots":1,"minecraft:bone":4,"minecraft:acacia_planks":11,"minecraft:wheat_seeds":19,"minecraft:cartography_table":1,"minecraft:melon_slice":4,"biomesoplenty:wildflower":1,"minecraft:acacia_sapling":1,"minecraft:stick":4,"minecraft:acacia_log":13,"minecraft:porkchop":2,"minecraft:sand":6,"minecraft:spruce_log":12,"minecraft:acacia_stairs":26,"minecraft:arrow":1,"minecraft:rotten_flesh":6,"minecraft:slime_ball":1,"biomesoplenty:orange_sandstone":5,"minecraft:hay_block":31,"minecraft:yellow_terracotta":5,"minecraft:oak_sapling":1,"minecraft:acacia_slab":19,"minecraft:brown_banner":2,"minecraft:melon_seeds":16,"minecraft:coal":7,"biomesoplenty:orange_sand":14,"minecraft:cobblestone":20},"minecraft:killed_by":{"minecraft:player":1,"minecraft:spider":1,"minecraft:zombie":3}},"DataVersion":2975}