{"stats":{"minecraft:killed":{"minecraft:skeleton":2,"mca:female_zombie_villager":1,"minecraft:spider":4},"minecraft:mined":{"minecraft:yellow_terracotta":7,"minecraft:hay_block":30,"minecraft:red_terracotta":2,"minecraft:acacia_leaves":8,"minecraft:wheat":2,"minecraft:acacia_wood":14,"minecraft:brown_wall_banner":4,"minecraft:acacia_stairs":69,"minecraft:crafting_table":1,"minecraft:acacia_log":30,"minecraft:grass_block":3,"minecraft:dirt_path":1,"minecraft:chest":1,"minecraft:dirt":9,"minecraft:cobweb":30,"minecraft:acacia_planks":48,"minecraft:acacia_slab":26,"minecraft:stone":10,"minecraft:cartography_table":1,"minecraft:fern":6},"minecraft:dropped":{"minecraft:wheat_seeds":1,"minecraft:melon_seeds":2},"minecraft:used":{"minecraft:stone_sword":30,"minecraft:bread":3,"minecraft:wooden_pickaxe":11,"minecraft:stone_axe":2,"minecraft:hay_block":2,"minecraft:crafting_table":1,"minecraft:acacia_sapling":1},"minecraft:crafted":{"minecraft:air":325},"minecraft:picked_up":{"minecraft:stick":4,"minecraft:crafting_table":1,"minecraft:chicken":1,"minecraft:acacia_log":13,"minecraft:acacia_wood":13,"minecraft:acacia_stairs":23,"minecraft:dirt":96,"minecraft:string":14,"minecraft:rotten_flesh":2,"minecraft:bone":3,"minecraft:acacia_planks":11,"minecraft:wheat_seeds":15,"minecraft:cartography_table":1,"minecraft:hay_block":31,"minecraft:yellow_terracotta":5,"minecraft:brown_banner":2,"minecraft:acacia_slab":19,"minecraft:melon_seeds":6,"minecraft:acacia_sapling":1,"minecraft:cobblestone":16},"minecraft:custom":{"minecraft:time_since_rest":806,"minecraft:walk_one_cm":55889,"minecraft:sprint_one_cm":54180,"minecraft:damage_taken":1330,"minecraft:mob_kills":7,"minecraft:drop":3,"minecraft:damage_dealt":1144,"minecraft:swim_one_cm":71,"minecraft:interact_with_cartography_table":1,"minecraft:interact_with_crafting_table":3,"minecraft:fly_one_cm":36820,"minecraft:open_chest":2,"minecraft:crouch_one_cm":565,"minecraft:play_time":17880,"minecraft:deaths":3,"minecraft:sneak_time":229,"minecraft:walk_under_water_one_cm":448,"minecraft:jump":319,"minecraft:walk_on_water_one_cm":8832,"minecraft:time_since_death":768,"minecraft:total_world_time":17880,"minecraft:fall_one_cm":6632},"minecraft:killed_by":{"minecraft:spider":1,"minecraft:zombie":1}},"DataVersion":2975}