{"stats":{"minecraft:crafted":{"minecraft:air":61},"minecraft:custom":{"minecraft:time_since_rest":1487,"minecraft:crouch_one_cm":28,"minecraft:deaths":3,"minecraft:play_time":13501,"minecraft:sprint_one_cm":10290,"minecraft:damage_taken":1360,"minecraft:walk_one_cm":42745,"minecraft:sneak_time":21,"minecraft:jump":162,"minecraft:damage_dealt":8,"minecraft:leave_game":8,"minecraft:time_since_death":0,"minecraft:total_world_time":13501,"minecraft:fall_one_cm":1068,"minecraft:fly_one_cm":8652},"minecraft:killed_by":{"minecraft:skeleton":1,"minecraft:creeper":1,"minecraft:zombie":1},"minecraft:mined":{"minecraft:grass":1,"minecraft:acacia_log":3,"minecraft:grass_block":1,"minecraft:oak_log":16,"minecraft:dirt":1,"minecraft:oak_leaves":87},"minecraft:picked_up":{"minecraft:stick":1,"alexsmobs:acacia_blossom":1,"minecraft:wheat_seeds":1,"minecraft:acacia_log":1,"minecraft:oak_log":14,"minecraft:oak_sapling":3,"minecraft:acacia_sapling":1,"minecraft:dirt":2}},"DataVersion":2975}