{"stats":{"minecraft:killed":{"mca:female_zombie_villager":1,"minecraft:spider":7,"minecraft:creeper":1,"minecraft:skeleton":4,"minecraft:zombie":5},"minecraft:mined":{"minecraft:yellow_terracotta":7,"minecraft:acacia_leaves":8,"biomesoplenty:orange_sand":1,"minecraft:crafting_table":1,"biomesoplenty:bush":7,"minecraft:acacia_log":30,"minecraft:grass_block":53,"minecraft:chest":1,"minecraft:cobblestone":87,"minecraft:spruce_leaves":151,"minecraft:acacia_slab":26,"minecraft:cartography_table":1,"minecraft:hay_block":30,"minecraft:red_terracotta":2,"minecraft:wheat":2,"minecraft:acacia_wood":14,"minecraft:brown_wall_banner":4,"minecraft:spruce_log":25,"minecraft:acacia_stairs":69,"minecraft:grass":3,"minecraft:oak_log":17,"minecraft:coal_ore":7,"minecraft:dirt_path":1,"minecraft:dirt":86,"minecraft:cobweb":34,"minecraft:acacia_planks":118,"minecraft:stone":65,"minecraft:oak_leaves":125,"minecraft:orange_bed":2,"minecraft:fern":6},"minecraft:dropped":{"minecraft:wheat_seeds":2,"minecraft:oak_log":16,"minecraft:cobblestone":12,"minecraft:rotten_flesh":1,"minecraft:dirt":23,"minecraft:spruce_planks":12,"minecraft:rose_bush":1,"minecraft:melon_seeds":16,"biomesoplenty:wildflower":3,"minecraft:oak_sapling":1,"minecraft:slime_ball":1,"minecraft:acacia_planks":4,"minecraft:bone":1},"minecraft:used":{"minecraft:stone_sword":93,"minecraft:stone_pickaxe":18,"minecraft:spruce_planks":8,"minecraft:wooden_pickaxe":11,"minecraft:orange_bed":1,"minecraft:dirt":1,"minecraft:crafting_table":2,"minecraft:acacia_sapling":1,"minecraft:melon_slice":2,"minecraft:bread":8,"minecraft:stone_axe":4,"minecraft:cobblestone":23,"minecraft:hay_block":2,"minecraft:furnace":1,"minecraft:acacia_planks":89},"minecraft:crafted":{"minecraft:air":400,"minecraft:leather":6},"minecraft:custom":{"minecraft:interact_with_furnace":5,"minecraft:mob_kills":21,"minecraft:interact_with_crafting_table":5,"minecraft:interact_with_cartography_table":1,"minecraft:time_since_death":2892,"minecraft:time_since_rest":2925,"minecraft:sprint_one_cm":107849,"minecraft:damage_taken":3929,"minecraft:walk_one_cm":147367,"minecraft:drop":20,"minecraft:damage_dealt":3386,"minecraft:swim_one_cm":71,"minecraft:fly_one_cm":90656,"minecraft:open_chest":2,"minecraft:crouch_one_cm":3682,"minecraft:play_time":41880,"minecraft:deaths":9,"minecraft:sneak_time":1227,"minecraft:walk_under_water_one_cm":699,"minecraft:jump":776,"minecraft:walk_on_water_one_cm":15227,"minecraft:total_world_time":41880,"minecraft:fall_one_cm":26906},"minecraft:picked_up":{"minecraft:crafting_table":1,"minecraft:chicken":1,"minecraft:acacia_wood":13,"minecraft:oak_log":16,"minecraft:string":19,"minecraft:dirt":278,"minecraft:leather_boots":1,"minecraft:bone":6,"minecraft:acacia_planks":43,"minecraft:wheat_seeds":19,"minecraft:cartography_table":1,"minecraft:rose_bush":1,"minecraft:melon_slice":4,"biomesoplenty:wildflower":3,"minecraft:acacia_sapling":1,"minecraft:stick":6,"minecraft:acacia_log":13,"minecraft:porkchop":2,"minecraft:sand":6,"minecraft:spruce_sapling":6,"minecraft:spruce_log":17,"minecraft:acacia_stairs":26,"minecraft:orange_bed":2,"minecraft:arrow":1,"minecraft:rotten_flesh":7,"minecraft:slime_ball":1,"minecraft:peony":5,"biomesoplenty:orange_sandstone":5,"minecraft:hay_block":31,"minecraft:yellow_terracotta":5,"minecraft:oak_sapling":2,"minecraft:acacia_slab":19,"minecraft:brown_banner":2,"minecraft:melon_seeds":16,"minecraft:coal":7,"biomesoplenty:orange_sand":16,"minecraft:cobblestone":81},"minecraft:killed_by":{"minecraft:player":1,"minecraft:skeleton":3,"minecraft:spider":1,"minecraft:zombie":3}},"DataVersion":2975}