{"stats":{"minecraft:mined":{"minecraft:acacia_log":16,"minecraft:acacia_leaves":39,"minecraft:oak_log":32,"minecraft:melon":9,"minecraft:cobweb":15,"minecraft:acacia_planks":17,"minecraft:acacia_stairs":27,"minecraft:oak_leaves":77},"minecraft:used":{"minecraft:apple":1,"minecraft:crafting_table":1,"minecraft:melon_slice":7},"minecraft:crafted":{"minecraft:oak_planks":20,"minecraft:wooden_shovel":2,"minecraft:crafting_table":1,"minecraft:stick":4,"minecraft:wooden_pickaxe":1},"minecraft:picked_up":{"minecraft:stick":5,"minecraft:acacia_planks":4,"minecraft:apple":1,"minecraft:wheat_seeds":1,"minecraft:acacia_log":9,"minecraft:oak_log":22,"minecraft:oak_sapling":2,"minecraft:acacia_stairs":3,"minecraft:melon_slice":42,"minecraft:acacia_sapling":3,"minecraft:string":4},"minecraft:custom":{"minecraft:time_since_rest":4146,"minecraft:play_time":4146,"minecraft:sprint_one_cm":4181,"minecraft:damage_taken":200,"minecraft:walk_one_cm":11120,"minecraft:jump":69,"minecraft:time_since_death":4146,"minecraft:total_world_time":4146,"minecraft:interact_with_crafting_table":1,"minecraft:fall_one_cm":1949,"minecraft:fly_one_cm":7695}},"DataVersion":2975}