{"stats":{"minecraft:mined":{"minecraft:birch_log":12,"minecraft:birch_leaves":94,"minecraft:oak_leaves":100},"minecraft:used":{"alexsmobs:emu_egg":1},"minecraft:picked_up":{"minecraft:birch_log":12,"minecraft:orange_terracotta":2,"minecraft:stick":4,"minecraft:chicken":1,"minecraft:rotten_flesh":6,"minecraft:slime_ball":1,"alexsmobs:emu_egg":1,"alexsmobs:maggot":1,"minecraft:terracotta":5,"minecraft:birch_sapling":1,"minecraft:red_terracotta":8,"minecraft:spider_eye":1,"minecraft:dirt":17,"minecraft:cobblestone":1},"minecraft:killed_by":{"minecraft:skeleton":2,"minecraft:creeper":2,"minecraft:spider":1,"alexsmobs:emu":1},"minecraft:custom":{"minecraft:time_since_rest":1141,"minecraft:play_time":11276,"minecraft:sprint_one_cm":38334,"minecraft:deaths":6,"minecraft:damage_taken":2285,"minecraft:walk_one_cm":37653,"minecraft:sneak_time":6,"minecraft:walk_under_water_one_cm":446,"minecraft:jump":244,"minecraft:damage_dealt":34,"minecraft:leave_game":2,"minecraft:walk_on_water_one_cm":1772,"minecraft:time_since_death":1099,"minecraft:total_world_time":11276,"minecraft:fall_one_cm":7138,"minecraft:fly_one_cm":29540}},"DataVersion":2975}