{"stats":{"minecraft:mined":{"realistictorches:torch":1,"minecraft:acacia_leaves":39,"biomesoplenty:orange_sand":27,"biomesoplenty:desert_grass":7,"minecraft:acacia_stairs":27,"minecraft:crafting_table":1,"minecraft:acacia_log":16,"minecraft:coal_ore":3,"minecraft:oak_log":32,"minecraft:melon":9,"minecraft:cobweb":15,"minecraft:cobblestone":1,"realistictorches:torch_wall":3,"minecraft:acacia_planks":20,"biomesoplenty:sprout":1,"minecraft:stone":12,"biomesoplenty:orange_sandstone":35,"minecraft:oak_planks":5,"minecraft:oak_leaves":77,"biomesoplenty:dune_grass":14},"minecraft:used":{"minecraft:wooden_axe":20,"minecraft:apple":1,"minecraft:melon_slice":18,"minecraft:oak_planks":6,"minecraft:wooden_pickaxe":21,"minecraft:wooden_shovel":26,"minecraft:crafting_table":2,"minecraft:acacia_planks":3,"realistictorches:unlit_torch":4},"minecraft:crafted":{"minecraft:oak_planks":20,"minecraft:wooden_shovel":2,"minecraft:crafting_table":1,"minecraft:stick":4,"minecraft:wooden_pickaxe":1,"minecraft:wooden_axe":1,"realistictorches:unlit_torch":4,"minecraft:furnace":1},"minecraft:picked_up":{"minecraft:stick":5,"minecraft:crafting_table":1,"minecraft:acacia_log":11,"minecraft:oak_log":22,"minecraft:gunpowder":2,"minecraft:acacia_stairs":3,"minecraft:string":4,"minecraft:rotten_flesh":1,"minecraft:acacia_planks":7,"minecraft:apple":1,"minecraft:wheat_seeds":1,"biomesoplenty:orange_sandstone":29,"realistictorches:unlit_torch":3,"minecraft:oak_sapling":2,"minecraft:melon_slice":42,"minecraft:coal":4,"minecraft:oak_planks":5,"minecraft:acacia_sapling":3,"biomesoplenty:orange_sand":38,"minecraft:cobblestone":20},"minecraft:custom":{"minecraft:time_since_rest":1113,"minecraft:sprint_one_cm":14442,"minecraft:damage_taken":1058,"minecraft:walk_one_cm":31922,"minecraft:damage_dealt":162,"minecraft:interact_with_crafting_table":2,"minecraft:fly_one_cm":15586,"minecraft:play_time":16146,"minecraft:deaths":2,"minecraft:sneak_time":10,"minecraft:jump":186,"minecraft:time_since_death":1081,"minecraft:total_world_time":16146,"minecraft:fall_one_cm":6183},"minecraft:killed_by":{"minecraft:player":1,"minecraft:spider":1}},"DataVersion":2975}