{"stats":{"minecraft:killed":{"minecraft:zombie":2},"minecraft:mined":{"minecraft:acacia_leaves":39,"minecraft:spruce_planks":4,"minecraft:farmland":1,"minecraft:dark_oak_leaves":59,"biomesoplenty:orange_sand":27,"biomesoplenty:desert_grass":9,"minecraft:dark_oak_log":11,"minecraft:crafting_table":1,"biomesoplenty:bush":7,"minecraft:acacia_log":16,"minecraft:grass_block":1,"minecraft:melon":10,"minecraft:cobblestone":2,"biomesoplenty:orange_sandstone":35,"biomesoplenty:sprout":1,"minecraft:spruce_leaves":139,"realistictorches:torch_wall":3,"biomesoplenty:dead_grass":1,"minecraft:oak_planks":5,"biomesoplenty:dune_grass":15,"realistictorches:torch":1,"minecraft:wheat":2,"minecraft:acacia_stairs":27,"minecraft:spruce_log":24,"minecraft:grass":1,"minecraft:oak_log":36,"minecraft:coal_ore":3,"minecraft:dirt":59,"minecraft:cobweb":15,"minecraft:acacia_planks":20,"minecraft:stone":62,"minecraft:oak_leaves":85},"minecraft:used":{"minecraft:oak_planks":6,"minecraft:spruce_planks":7,"minecraft:wooden_pickaxe":23,"minecraft:wooden_shovel":26,"minecraft:crafting_table":2,"minecraft:wooden_axe":22,"minecraft:apple":1,"minecraft:melon_slice":19,"minecraft:acacia_planks":3,"realistictorches:unlit_torch":4,"minecraft:dark_oak_sapling":1},"minecraft:crafted":{"minecraft:oak_planks":20,"minecraft:wooden_shovel":3,"minecraft:crafting_table":2,"minecraft:spruce_planks":28,"minecraft:wooden_pickaxe":2,"minecraft:furnace":1,"minecraft:stick":8,"minecraft:wooden_axe":3,"realistictorches:unlit_torch":4},"minecraft:custom":{"minecraft:interact_with_furnace":2,"minecraft:mob_kills":1,"minecraft:interact_with_crafting_table":3,"minecraft:time_since_death":873,"minecraft:time_since_rest":900,"minecraft:sprint_one_cm":31624,"minecraft:damage_taken":2808,"minecraft:walk_one_cm":65735,"minecraft:damage_dealt":567,"minecraft:fly_one_cm":27627,"minecraft:player_kills":1,"minecraft:play_time":28146,"minecraft:deaths":8,"minecraft:sneak_time":10,"minecraft:walk_under_water_one_cm":4300,"minecraft:jump":366,"minecraft:walk_on_water_one_cm":4912,"minecraft:total_world_time":28146,"minecraft:fall_one_cm":18606},"minecraft:picked_up":{"minecraft:crafting_table":1,"minecraft:oak_log":26,"minecraft:gunpowder":4,"minecraft:dirt":16,"minecraft:string":4,"minecraft:bone":2,"minecraft:acacia_planks":7,"minecraft:apple":1,"minecraft:wheat_seeds":3,"minecraft:spruce_planks":3,"minecraft:melon_slice":47,"minecraft:oak_planks":5,"minecraft:acacia_sapling":3,"minecraft:dark_oak_sapling":1,"minecraft:stick":10,"minecraft:acacia_log":11,"minecraft:spruce_sapling":2,"minecraft:spruce_log":19,"minecraft:carrot":1,"minecraft:acacia_stairs":3,"minecraft:dark_oak_log":10,"minecraft:rotten_flesh":7,"biomesoplenty:orange_sandstone":29,"realistictorches:unlit_torch":3,"minecraft:oak_sapling":3,"minecraft:melon_seeds":1,"minecraft:coal":4,"biomesoplenty:orange_sand":38,"minecraft:cobblestone":25},"minecraft:killed_by":{"minecraft:player":1,"minecraft:skeleton":1,"minecraft:creeper":1,"minecraft:spider":1,"minecraft:zombie":3,"alexsmobs:kangaroo":1}},"DataVersion":2975}