{"stats":{"minecraft:custom":{"minecraft:time_since_rest":5119,"minecraft:play_time":23101,"minecraft:sprint_one_cm":66915,"minecraft:deaths":11,"minecraft:damage_taken":3955,"minecraft:walk_one_cm":63635,"minecraft:sneak_time":30,"minecraft:walk_under_water_one_cm":3805,"minecraft:jump":454,"minecraft:damage_dealt":34,"minecraft:leave_game":2,"minecraft:walk_on_water_one_cm":4585,"minecraft:time_since_death":5086,"minecraft:total_world_time":23101,"minecraft:fall_one_cm":13322,"minecraft:fly_one_cm":49204},"minecraft:killed_by":{"minecraft:skeleton":2,"minecraft:creeper":2,"minecraft:spider":4,"minecraft:zombie":2,"alexsmobs:emu":1},"minecraft:mined":{"minecraft:birch_log":12,"minecraft:birch_leaves":94,"minecraft:oak_leaves":101},"minecraft:picked_up":{"minecraft:birch_log":12,"minecraft:stick":7,"minecraft:orange_terracotta":3,"minecraft:feather":1,"minecraft:arrow":1,"minecraft:chicken":1,"minecraft:rotten_flesh":8,"minecraft:slime_ball":1,"minecraft:red_sand":4,"minecraft:yellow_terracotta":16,"alexsmobs:emu_egg":1,"minecraft:terracotta":5,"alexsmobs:maggot":1,"minecraft:oak_sapling":1,"minecraft:red_terracotta":9,"minecraft:birch_sapling":1,"minecraft:string":3,"minecraft:spider_eye":1,"minecraft:dirt":17,"minecraft:cobblestone":1},"minecraft:used":{"alexsmobs:emu_egg":1}},"DataVersion":2975}