{"stats":{"minecraft:killed":{"mca:male_zombie_villager":1,"minecraft:spider":9,"minecraft:zombie":4},"minecraft:mined":{"minecraft:acacia_leaves":59,"biomesoplenty:orange_sand":16,"biomesoplenty:desert_grass":4,"minecraft:crafting_table":1,"biomesoplenty:bush":7,"minecraft:acacia_log":31,"minecraft:grass_block":47,"minecraft:melon":5,"minecraft:chest":1,"minecraft:dead_bush":1,"minecraft:cobblestone":17,"biomesoplenty:sprout":16,"biomesoplenty:dead_grass":1,"biomesoplenty:orange_sandstone":72,"biomesoplenty:dune_grass":4,"minecraft:hay_block":12,"biomesoplenty:mahogany_log":11,"minecraft:iron_ore":2,"minecraft:fire":1,"minecraft:big_dripleaf_stem":1,"minecraft:grass":7,"biomesoplenty:mahogany_leaves":86,"minecraft:vine":4,"minecraft:dirt":49,"minecraft:terracotta":2,"minecraft:acacia_planks":9,"minecraft:stone":67,"minecraft:oak_leaves":8,"minecraft:orange_bed":1,"minecraft:fern":7},"minecraft:dropped":{"minecraft:wheat_seeds":4,"minecraft:acacia_stairs":3,"minecraft:peony":2,"minecraft:wooden_axe":1,"minecraft:melon_slice":4,"minecraft:wooden_shovel":2,"minecraft:acacia_sapling":2,"biomesoplenty:orange_sandstone":1},"minecraft:used":{"minecraft:peony":1,"minecraft:chest":1,"minecraft:wooden_pickaxe":24,"minecraft:orange_bed":1,"minecraft:crafting_table":2,"minecraft:spruce_log":1,"minecraft:wooden_axe":10,"minecraft:apple":1,"minecraft:iron_axe":24,"minecraft:melon_slice":23,"biomesoplenty:orange_sand":59,"minecraft:wooden_sword":52,"biomesoplenty:orange_sandstone":16,"minecraft:cobblestone":38,"minecraft:oak_sapling":1,"minecraft:furnace":1,"minecraft:acacia_planks":25},"minecraft:crafted":{"minecraft:wooden_sword":1,"minecraft:oak_planks":36,"minecraft:crafting_table":1,"minecraft:wooden_pickaxe":1,"minecraft:stick":4,"minecraft:acacia_planks":64},"minecraft:custom":{"minecraft:mob_kills":15,"minecraft:interact_with_crafting_table":4,"minecraft:time_since_death":3139,"minecraft:time_since_rest":3890,"minecraft:sprint_one_cm":79544,"minecraft:damage_taken":3343,"minecraft:walk_one_cm":127580,"minecraft:drop":17,"minecraft:damage_dealt":2423,"minecraft:fly_one_cm":108786,"minecraft:player_kills":1,"minecraft:open_chest":1,"minecraft:crouch_one_cm":8365,"minecraft:sneak_time":2926,"minecraft:play_time":41796,"minecraft:deaths":10,"minecraft:walk_under_water_one_cm":33,"minecraft:jump":707,"minecraft:walk_on_water_one_cm":1214,"minecraft:total_world_time":41796,"minecraft:fall_one_cm":39944},"minecraft:picked_up":{"minecraft:crafting_table":1,"minecraft:oak_log":9,"minecraft:string":13,"minecraft:dirt":57,"minecraft:iron_axe":1,"minecraft:bone":3,"minecraft:acacia_planks":21,"minecraft:apple":1,"minecraft:wheat_seeds":14,"minecraft:melon_slice":29,"minecraft:chest":1,"minecraft:acacia_sapling":7,"farmersdelight:cabbage_seeds":2,"minecraft:stick":4,"minecraft:big_dripleaf":3,"minecraft:acacia_log":27,"minecraft:spruce_log":1,"minecraft:spider_eye":3,"minecraft:orange_bed":1,"biomesoplenty:mahogany_log":3,"minecraft:arrow":3,"minecraft:rotten_flesh":5,"minecraft:peony":3,"biomesoplenty:mahogany_sapling":3,"biomesoplenty:orange_sandstone":109,"realistictorches:unlit_torch":1,"minecraft:hay_block":9,"minecraft:grass":1,"minecraft:oak_sapling":5,"biomesoplenty:orange_sand":39,"minecraft:cobblestone":42},"minecraft:killed_by":{"minecraft:skeleton":2,"minecraft:creeper":1,"minecraft:spider":5,"minecraft:zombie":2}},"DataVersion":2975}