{"stats":{"minecraft:mined":{"minecraft:grass_block":1,"minecraft:hay_block":7,"minecraft:grass":4,"minecraft:acacia_log":14,"minecraft:oak_log":6,"minecraft:acacia_leaves":99,"minecraft:dirt":2,"minecraft:stone":3,"minecraft:oak_leaves":45},"minecraft:used":{"minecraft:crafting_table":1,"minecraft:oak_sapling":3,"minecraft:acacia_sapling":3,"minecraft:wooden_pickaxe":2},"minecraft:crafted":{"minecraft:acacia_planks":28,"minecraft:crafting_table":1,"minecraft:wooden_pickaxe":1},"minecraft:picked_up":{"minecraft:stick":6,"minecraft:wheat_seeds":2,"minecraft:acacia_log":7,"minecraft:hay_block":7,"minecraft:oak_sapling":3,"minecraft:acacia_sapling":3,"minecraft:dirt":2,"minecraft:cobblestone":2},"minecraft:killed_by":{"minecraft:creeper":1},"minecraft:dropped":{"minecraft:wheat_seeds":2},"minecraft:custom":{"minecraft:time_since_rest":2485,"minecraft:open_chest":2,"minecraft:crouch_one_cm":229,"minecraft:deaths":1,"minecraft:play_time":5823,"minecraft:sprint_one_cm":9261,"minecraft:damage_taken":354,"minecraft:walk_one_cm":18570,"minecraft:sneak_time":51,"minecraft:drop":2,"minecraft:jump":67,"minecraft:time_since_death":2460,"minecraft:total_world_time":5823,"minecraft:interact_with_crafting_table":1,"minecraft:fall_one_cm":685,"minecraft:fly_one_cm":11374}},"DataVersion":2975}