{"stats":{"minecraft:mined":{"minecraft:hay_block":26,"minecraft:acacia_leaves":99,"minecraft:wheat":1,"minecraft:crafting_table":1,"minecraft:grass":20,"minecraft:acacia_log":17,"minecraft:grass_block":11,"minecraft:oak_log":6,"minecraft:dirt":5,"farmersdelight:wild_tomatoes":7,"minecraft:stone":13,"minecraft:diorite":1,"minecraft:oak_leaves":45},"minecraft:used":{"minecraft:diorite":1,"minecraft:leather_helmet":1,"minecraft:wooden_pickaxe":13,"minecraft:dirt":1,"minecraft:crafting_table":1,"minecraft:oak_sapling":3,"minecraft:acacia_sapling":9},"minecraft:crafted":{"minecraft:crafting_table":1,"minecraft:wooden_pickaxe":1,"minecraft:acacia_planks":28,"minecraft:wheat":63},"minecraft:picked_up":{"minecraft:stick":8,"minecraft:crafting_table":1,"minecraft:torch":1,"minecraft:acacia_log":15,"minecraft:acacia_wood":1,"farmersdelight:tomato_seeds":7,"minecraft:diorite":1,"minecraft:gunpowder":2,"minecraft:dirt":72,"minecraft:rotten_flesh":1,"minecraft:wheat_seeds":4,"realistictorches:unlit_torch":2,"minecraft:hay_block":26,"minecraft:brown_banner":2,"minecraft:oak_sapling":3,"minecraft:acacia_slab":1,"minecraft:acacia_sapling":11,"minecraft:cobblestone":10},"minecraft:killed_by":{"minecraft:creeper":1,"minecraft:spider":2,"minecraft:zombie":1},"minecraft:dropped":{"minecraft:wheat_seeds":2},"minecraft:custom":{"minecraft:time_since_rest":4389,"minecraft:sprint_one_cm":23839,"minecraft:damage_taken":1501,"minecraft:walk_one_cm":53598,"minecraft:drop":2,"minecraft:damage_dealt":19,"minecraft:interact_with_crafting_table":1,"minecraft:fly_one_cm":45482,"minecraft:open_chest":4,"minecraft:crouch_one_cm":232,"minecraft:play_time":20156,"minecraft:deaths":4,"minecraft:sneak_time":55,"minecraft:walk_under_water_one_cm":385,"minecraft:jump":251,"minecraft:leave_game":1,"minecraft:walk_on_water_one_cm":3638,"minecraft:time_since_death":0,"minecraft:total_world_time":20156,"minecraft:fall_one_cm":4330}},"DataVersion":2975}