{"stats":{"minecraft:killed":{"mca:male_zombie_villager":1,"minecraft:spider":8,"minecraft:zombie":3},"minecraft:mined":{"minecraft:acacia_leaves":59,"biomesoplenty:orange_sand":14,"biomesoplenty:desert_grass":4,"minecraft:crafting_table":1,"biomesoplenty:bush":7,"minecraft:acacia_log":31,"minecraft:grass_block":47,"minecraft:melon":5,"minecraft:dead_bush":1,"minecraft:cobblestone":4,"biomesoplenty:sprout":16,"biomesoplenty:dead_grass":1,"biomesoplenty:orange_sandstone":72,"biomesoplenty:dune_grass":4,"minecraft:hay_block":12,"biomesoplenty:mahogany_log":11,"minecraft:iron_ore":2,"minecraft:fire":1,"minecraft:big_dripleaf_stem":1,"minecraft:grass":7,"biomesoplenty:mahogany_leaves":86,"minecraft:vine":4,"minecraft:dirt":49,"minecraft:terracotta":2,"minecraft:stone":67,"minecraft:oak_leaves":8,"minecraft:fern":7},"minecraft:used":{"minecraft:wooden_pickaxe":23,"minecraft:crafting_table":2,"minecraft:wooden_axe":10,"minecraft:apple":1,"minecraft:iron_axe":12,"minecraft:melon_slice":22,"biomesoplenty:orange_sand":5,"minecraft:wooden_sword":52,"biomesoplenty:orange_sandstone":16,"minecraft:oak_sapling":1,"minecraft:furnace":1},"minecraft:dropped":{"minecraft:wheat_seeds":4,"minecraft:acacia_stairs":3,"minecraft:melon_slice":4,"minecraft:acacia_sapling":2,"biomesoplenty:orange_sandstone":1},"minecraft:crafted":{"minecraft:wooden_sword":1,"minecraft:oak_planks":36,"minecraft:crafting_table":1,"minecraft:wooden_pickaxe":1,"minecraft:stick":4,"minecraft:acacia_planks":64},"minecraft:custom":{"minecraft:mob_kills":12,"minecraft:interact_with_crafting_table":4,"minecraft:time_since_death":211,"minecraft:time_since_rest":238,"minecraft:sprint_one_cm":61015,"minecraft:damage_taken":2203,"minecraft:walk_one_cm":100361,"minecraft:drop":12,"minecraft:damage_dealt":2150,"minecraft:fly_one_cm":77710,"minecraft:player_kills":1,"minecraft:crouch_one_cm":870,"minecraft:sneak_time":582,"minecraft:play_time":29796,"minecraft:deaths":8,"minecraft:walk_under_water_one_cm":33,"minecraft:jump":493,"minecraft:walk_on_water_one_cm":1214,"minecraft:total_world_time":29796,"minecraft:fall_one_cm":23037},"minecraft:picked_up":{"minecraft:crafting_table":1,"minecraft:oak_log":9,"minecraft:string":10,"minecraft:dirt":57,"minecraft:iron_axe":1,"minecraft:bone":3,"minecraft:apple":1,"minecraft:wheat_seeds":11,"minecraft:melon_slice":29,"minecraft:acacia_sapling":2,"minecraft:stick":4,"minecraft:big_dripleaf":3,"minecraft:acacia_log":27,"minecraft:spider_eye":3,"biomesoplenty:mahogany_log":3,"minecraft:arrow":3,"minecraft:rotten_flesh":3,"biomesoplenty:mahogany_sapling":3,"biomesoplenty:orange_sandstone":109,"realistictorches:unlit_torch":1,"minecraft:hay_block":9,"minecraft:oak_sapling":1,"biomesoplenty:orange_sand":37,"minecraft:cobblestone":28},"minecraft:killed_by":{"minecraft:skeleton":2,"minecraft:creeper":1,"minecraft:spider":4,"minecraft:zombie":1}},"DataVersion":2975}