{"stats":{"minecraft:killed":{"mca:male_zombie_villager":1,"minecraft:spider":4},"minecraft:mined":{"minecraft:hay_block":12,"minecraft:acacia_leaves":59,"biomesoplenty:mahogany_log":11,"minecraft:iron_ore":2,"minecraft:fire":1,"biomesoplenty:orange_sand":13,"biomesoplenty:desert_grass":2,"minecraft:big_dripleaf_stem":1,"minecraft:crafting_table":1,"minecraft:grass":2,"minecraft:vine":4,"minecraft:acacia_log":31,"minecraft:grass_block":1,"minecraft:melon":5,"biomesoplenty:mahogany_leaves":86,"minecraft:dead_bush":1,"minecraft:dirt":1,"minecraft:cobblestone":1,"minecraft:terracotta":2,"minecraft:stone":63,"biomesoplenty:sprout":16,"biomesoplenty:orange_sandstone":64,"biomesoplenty:dead_grass":1,"minecraft:oak_leaves":7,"biomesoplenty:dune_grass":3,"minecraft:fern":7},"minecraft:dropped":{"minecraft:wheat_seeds":1,"minecraft:acacia_sapling":2},"minecraft:used":{"minecraft:apple":1,"minecraft:melon_slice":8,"minecraft:wooden_pickaxe":20,"biomesoplenty:orange_sandstone":15,"minecraft:wooden_sword":36,"minecraft:crafting_table":2,"minecraft:oak_sapling":1},"minecraft:crafted":{"minecraft:wooden_sword":1,"minecraft:oak_planks":36,"minecraft:crafting_table":1,"minecraft:stick":4,"minecraft:wooden_pickaxe":1,"minecraft:acacia_planks":64},"minecraft:picked_up":{"minecraft:stick":4,"minecraft:crafting_table":1,"minecraft:big_dripleaf":3,"minecraft:acacia_log":27,"minecraft:oak_log":9,"minecraft:dirt":1,"minecraft:spider_eye":1,"minecraft:string":6,"minecraft:bone":1,"minecraft:arrow":2,"biomesoplenty:mahogany_log":3,"minecraft:apple":1,"biomesoplenty:mahogany_sapling":3,"minecraft:wheat_seeds":8,"biomesoplenty:orange_sandstone":41,"realistictorches:unlit_torch":1,"minecraft:hay_block":9,"minecraft:oak_sapling":1,"minecraft:melon_slice":29,"minecraft:acacia_sapling":2,"biomesoplenty:orange_sand":6,"minecraft:cobblestone":26},"minecraft:custom":{"minecraft:time_since_rest":274,"minecraft:sprint_one_cm":33588,"minecraft:damage_taken":823,"minecraft:walk_one_cm":55046,"minecraft:mob_kills":6,"minecraft:drop":3,"minecraft:damage_dealt":977,"minecraft:player_kills":1,"minecraft:interact_with_crafting_table":4,"minecraft:fly_one_cm":34263,"minecraft:crouch_one_cm":359,"minecraft:play_time":17796,"minecraft:deaths":3,"minecraft:sneak_time":127,"minecraft:jump":266,"minecraft:time_since_death":241,"minecraft:total_world_time":17796,"minecraft:fall_one_cm":10663},"minecraft:killed_by":{"minecraft:spider":3}},"DataVersion":2975}