{"stats":{"minecraft:crafted":{"minecraft:crafting_table":1,"minecraft:wooden_pickaxe":1,"minecraft:acacia_planks":28,"minecraft:wheat":63},"minecraft:custom":{"minecraft:time_since_rest":5769,"minecraft:sprint_one_cm":62609,"minecraft:damage_taken":2491,"minecraft:walk_one_cm":92070,"minecraft:drop":4,"minecraft:damage_dealt":49,"minecraft:interact_with_crafting_table":1,"minecraft:fly_one_cm":124693,"minecraft:open_chest":4,"minecraft:crouch_one_cm":276,"minecraft:play_time":31218,"minecraft:deaths":7,"minecraft:sneak_time":97,"minecraft:walk_under_water_one_cm":385,"minecraft:jump":599,"minecraft:leave_game":1,"minecraft:walk_on_water_one_cm":4830,"minecraft:time_since_death":5353,"minecraft:total_world_time":31218,"minecraft:fall_one_cm":15176},"minecraft:killed_by":{"minecraft:creeper":3,"minecraft:spider":3,"minecraft:zombie":1},"minecraft:mined":{"minecraft:hay_block":26,"minecraft:acacia_leaves":139,"minecraft:wheat":1,"minecraft:crafting_table":1,"minecraft:grass":24,"minecraft:acacia_log":17,"minecraft:grass_block":11,"minecraft:oak_log":6,"minecraft:cobweb":1,"minecraft:dirt":5,"farmersdelight:wild_tomatoes":7,"minecraft:stone":13,"minecraft:diorite":1,"minecraft:oak_leaves":45},"minecraft:picked_up":{"minecraft:stick":8,"minecraft:crafting_table":1,"minecraft:torch":1,"minecraft:acacia_log":15,"minecraft:acacia_wood":1,"minecraft:gravel":1,"farmersdelight:tomato_seeds":7,"minecraft:diorite":1,"minecraft:gunpowder":4,"minecraft:string":1,"minecraft:dirt":82,"minecraft:rotten_flesh":1,"minecraft:wheat_seeds":6,"realistictorches:unlit_torch":3,"minecraft:hay_block":26,"alexsmobs:emu_egg":2,"minecraft:brown_banner":2,"minecraft:oak_sapling":3,"minecraft:acacia_slab":1,"minecraft:acacia_sapling":11,"minecraft:cobblestone":10},"minecraft:used":{"alexsmobs:emu_egg":1,"minecraft:diorite":1,"minecraft:string":1,"minecraft:leather_helmet":1,"minecraft:wooden_pickaxe":13,"minecraft:gravel":1,"minecraft:dirt":1,"minecraft:crafting_table":1,"minecraft:oak_sapling":3,"minecraft:acacia_sapling":9},"minecraft:dropped":{"minecraft:wheat_seeds":4}},"DataVersion":2975}