{"stats":{"minecraft:killed":{"minecraft:spider":2,"mca:male_zombie_villager":1},"minecraft:mined":{"minecraft:hay_block":8,"minecraft:acacia_log":30,"minecraft:acacia_leaves":40,"minecraft:dead_bush":1,"biomesoplenty:orange_sand":4,"biomesoplenty:sprout":16,"biomesoplenty:desert_grass":2,"biomesoplenty:orange_sandstone":2,"biomesoplenty:dune_grass":2,"minecraft:crafting_table":1},"minecraft:dropped":{"minecraft:wheat_seeds":1},"minecraft:used":{"biomesoplenty:orange_sandstone":2,"minecraft:wooden_sword":14,"minecraft:crafting_table":1},"minecraft:crafted":{"minecraft:wooden_sword":1,"minecraft:acacia_planks":64,"minecraft:crafting_table":1,"minecraft:stick":4,"minecraft:wooden_pickaxe":1},"minecraft:picked_up":{"minecraft:stick":2,"minecraft:crafting_table":1,"minecraft:wheat_seeds":8,"minecraft:acacia_log":26,"biomesoplenty:orange_sandstone":2,"minecraft:hay_block":5,"minecraft:string":3,"minecraft:acacia_sapling":2,"biomesoplenty:orange_sand":4},"minecraft:custom":{"minecraft:time_since_rest":5796,"minecraft:play_time":5796,"minecraft:sprint_one_cm":12139,"minecraft:damage_taken":150,"minecraft:walk_one_cm":22487,"minecraft:mob_kills":3,"minecraft:drop":1,"minecraft:jump":82,"minecraft:damage_dealt":395,"minecraft:time_since_death":5796,"minecraft:total_world_time":5796,"minecraft:interact_with_crafting_table":3,"minecraft:fall_one_cm":2125,"minecraft:fly_one_cm":11537}},"DataVersion":2975}